headquarter,division,department,section,site
トヨタL&Fカンパニー,物流ソリューション事業室,CS部,サービス室,
トヨタL&Fカンパニー,物流ソリューション事業室,CS部,システムインテグレーション室,
トヨタL&Fカンパニー,物流ソリューション事業室,CS部,技術室,
トヨタL&Fカンパニー,物流ソリューション事業室,CS部,施工管理室,
トヨタL&Fカンパニー,物流ソリューション事業室,CS部,情報システム室,
トヨタL&Fカンパニー,物流ソリューション事業室,エンジニアリング部,エンジニアリング第1室,
トヨタL&Fカンパニー,物流ソリューション事業室,エンジニアリング部,エンジニアリング第3室,
トヨタL&Fカンパニー,物流ソリューション事業室,エンジニアリング部,海外エンジニアリング室,
トヨタL&Fカンパニー,物流ソリューション事業室,物流システム部,物流システム第1室,
トヨタL&Fカンパニー,物流ソリューション事業室,物流システム部,物流システム第2室,
トヨタL&Fカンパニー,物流ソリューション事業室,物流システム部,物流システム第3室,
トヨタL&Fカンパニー,物流ソリューション事業室,,TALG室,
トヨタL&Fカンパニー,物流ソリューション事業室,,エンジニアリング室,
トヨタL&Fカンパニー,物流ソリューション事業室,,企画管理室,
トヨタL&Fカンパニー,物流ソリューション事業室,,企画室,
トヨタL&Fカンパニー,物流ソリューション事業室,,物流システムサービス室,
トヨタL&Fカンパニー,物流エンジニアリング技術センター,,工事室,
トヨタL&Fカンパニー,関東サービスセンター,,,
トヨタL&Fカンパニー,営業統括部,商品部,,
トヨタL&Fカンパニー,営業統括部,,FC推販室,
トヨタL&Fカンパニー,営業統括部,,管理室,
トヨタL&Fカンパニー,営業統括部,,企画室,
トヨタL&Fカンパニー,営業統括部,,企画総括室,
トヨタL&Fカンパニー,営業統括部,,商品室,
トヨタL&Fカンパニー,TMHGトレーニングセンター,,,
トヨタL&Fカンパニー,R&Dセンター,ES開発部,ES開発第2室,
トヨタL&Fカンパニー,R&Dセンター,ES開発部,ES開発第3室,
トヨタL&Fカンパニー,R&Dセンター,SC開発部,SC開発第1室,
トヨタL&Fカンパニー,R&Dセンター,SC開発部,SC開発第2室,共和工場
トヨタL&Fカンパニー,R&Dセンター,SC開発部,SC開発第2室,
トヨタL&Fカンパニー,R&Dセンター,SC開発部,SC開発第3室,共和工場
トヨタL&Fカンパニー,R&Dセンター,技術部,CN開発室,碧南工場
トヨタL&Fカンパニー,R&Dセンター,技術部,EC開発室,
トヨタL&Fカンパニー,R&Dセンター,技術部,ME設計室,碧南工場
トヨタL&Fカンパニー,R&Dセンター,技術部,VI室,
トヨタL&Fカンパニー,R&Dセンター,技術部,VI室,
トヨタL&Fカンパニー,R&Dセンター,技術部,システム開発室,碧南工場
トヨタL&Fカンパニー,R&Dセンター,技術部,ボディー計画室,
トヨタL&Fカンパニー,R&Dセンター,技術部,ユニット開発室,
トヨタL&Fカンパニー,R&Dセンター,技術部,開発1室,碧南工場
トヨタL&Fカンパニー,R&Dセンター,技術部,開発2室,
トヨタL&Fカンパニー,R&Dセンター,技術部,開発第11室,
トヨタL&Fカンパニー,R&Dセンター,技術部,開発第1室,共和工場
トヨタL&Fカンパニー,R&Dセンター,技術部,開発第2室,共和工場
トヨタL&Fカンパニー,R&Dセンター,技術部,開発第2室,碧南工場
トヨタL&Fカンパニー,R&Dセンター,技術部,開発第2室,
トヨタL&Fカンパニー,R&Dセンター,技術部,開発第3室,共和工場
トヨタL&Fカンパニー,R&Dセンター,技術部,AR開発部,碧南工場
トヨタL&Fカンパニー,R&Dセンター,技術部,開発第3室,
トヨタL&Fカンパニー,R&Dセンター,技術部,開発第5室,碧南工場
トヨタL&Fカンパニー,R&Dセンター,技術部,開発第5室,
トヨタL&Fカンパニー,R&Dセンター,技術部,開発第6室,
トヨタL&Fカンパニー,R&Dセンター,技術部,開発統括室,共和工場
トヨタL&Fカンパニー,R&Dセンター,技術部,機械技術室,
トヨタL&Fカンパニー,R&Dセンター,技術部,機種開発室,
トヨタL&Fカンパニー,R&Dセンター,技術部,技術管理室,
トヨタL&Fカンパニー,R&Dセンター,技術部,技術企画室,
トヨタL&Fカンパニー,R&Dセンター,技術部,技術統括室,共和工場
トヨタL&Fカンパニー,R&Dセンター,技術部,技術統括室,共和工場
トヨタL&Fカンパニー,R&Dセンター,技術部,材料開発室,共和工場
トヨタL&Fカンパニー,R&Dセンター,技術部,材料開発第1室,
トヨタL&Fカンパニー,R&Dセンター,技術部,材料開発第2室,共和工場
トヨタL&Fカンパニー,R&Dセンター,技術部,試験課,共和工場
トヨタL&Fカンパニー,R&Dセンター,技術部,実験課,碧南工場
トヨタL&Fカンパニー,R&Dセンター,技術部,実験室,
トヨタL&Fカンパニー,R&Dセンター,技術部,車両性能開発第1室,長草工場
トヨタL&Fカンパニー,R&Dセンター,技術部,車両性能開発第3室,長草工場
トヨタL&Fカンパニー,R&Dセンター,技術部,織機技術室,
トヨタL&Fカンパニー,R&Dセンター,技術部,制御開発室,共和工場
トヨタL&Fカンパニー,R&Dセンター,技術部,制御技術室,共和工場
トヨタL&Fカンパニー,R&Dセンター,技術部,製品評価室,共和工場
トヨタL&Fカンパニー,R&Dセンター,技術部,設計室,
トヨタL&Fカンパニー,R&Dセンター,技術部,設計第1室,長草工場
トヨタL&Fカンパニー,R&Dセンター,技術部,設計第1室,碧南工場
トヨタL&Fカンパニー,R&Dセンター,技術部,設計第2室,長草工場
トヨタL&Fカンパニー,R&Dセンター,技術部,設計第3室,長草工場
トヨタL&Fカンパニー,R&Dセンター,技術部,設計第3室,碧南工場
トヨタL&Fカンパニー,R&Dセンター,技術部,設計第4室,長草工場
トヨタL&Fカンパニー,R&Dセンター,技術部,設計第5室,
トヨタL&Fカンパニー,R&Dセンター,技術部,先行開発室,共和工場
トヨタL&Fカンパニー,R&Dセンター,技術部,総括室,碧南工場
トヨタL&Fカンパニー,R&Dセンター,技術部,第11室,
トヨタL&Fカンパニー,R&Dセンター,技術部,適合第1室,碧南工場
トヨタL&Fカンパニー,R&Dセンター,技術部,電源システム技術第1室,共和工場
トヨタL&Fカンパニー,R&Dセンター,技術部,電源システム技術第2室,共和工場
トヨタL&Fカンパニー,R&Dセンター,技術部,電源システム技術第3室,共和工場
トヨタL&Fカンパニー,R&Dセンター,技術部,電源システム技術第4室,共和工場
トヨタL&Fカンパニー,R&Dセンター,技術部,電源システム技術第5室,共和工場
トヨタL&Fカンパニー,R&Dセンター,技術部,電源システム技術第6室,共和工場
トヨタL&Fカンパニー,R&Dセンター,技術部,電装技術室,刈谷工場
トヨタL&Fカンパニー,R&Dセンター,技術部,評価室,安城工場
トヨタL&Fカンパニー,R&Dセンター,技術部,品質監査室,共和工場
トヨタL&Fカンパニー,R&Dセンター,技術部,品質推進室,
トヨタL&Fカンパニー,R&Dセンター,技術部,,碧南工場
トヨタL&Fカンパニー,R&Dセンター,実験部,試験課,
トヨタL&Fカンパニー,R&Dセンター,実験部,試験課,
トヨタL&Fカンパニー,R&Dセンター,実験部,評価室,
トヨタL&Fカンパニー,R&Dセンター,,ARプロジェクトL3室,
トヨタL&Fカンパニー,,AR開発部,L1室,
トヨタL&Fカンパニー,,AR開発部,L2室,
トヨタL&Fカンパニー,,AR開発部,L3室,
トヨタL&Fカンパニー,,AR開発部,LX室,
トヨタL&Fカンパニー,,AR開発部,先行開発室,
トヨタL&Fカンパニー,,CS開発部,CS開発第1室,
トヨタL&Fカンパニー,,CS開発部,,
トヨタL&Fカンパニー,,製造部,技術員室,安城工場
トヨタL&Fカンパニー,,製造部,技術員室,安城工場
トヨタL&Fカンパニー,,製造部,技術員室,
トヨタL&Fカンパニー,,製造部,技術員室,
トヨタL&Fカンパニー,,製造部,車体課,長草工場
トヨタL&Fカンパニー,,製造部,生産管理室,
トヨタL&Fカンパニー,,製造部,生産技術室,
トヨタL&Fカンパニー,,製造部,製造1課,
トヨタL&Fカンパニー,,製造部,製造課,安城工場
トヨタL&Fカンパニー,,製造部,製造課,
トヨタL&Fカンパニー,,製造部,製造第1課,共和工場
トヨタL&Fカンパニー,,製造部,製造第1課,
トヨタL&Fカンパニー,,製造部,製造第2課,
トヨタL&Fカンパニー,,製造部,製造第3課,
トヨタL&Fカンパニー,,製造部,製造第4課,
トヨタL&Fカンパニー,,製造部,石浜製造室,石浜工場
トヨタL&Fカンパニー,,製造部,設備保全課,長草工場
トヨタL&Fカンパニー,,製造部,組み立て課,長草工場
トヨタL&Fカンパニー,,製造部,総括室,
トヨタL&Fカンパニー,,製造部,塗り成課,長草工場
トヨタL&Fカンパニー,,製造部,塗装成型課,長草工場
トヨタL&Fカンパニー,,製造部,品質課,安城工場
トヨタL&Fカンパニー,,製造部,保全課,長草工場
トヨタL&Fカンパニー,,製造部,保全課,
トヨタL&Fカンパニー,,製造部,保全試組課,安城工場
トヨタL&Fカンパニー,,製品開発部,ES開発第1室,
トヨタL&Fカンパニー,,製品開発部,ES開発第2室,
トヨタL&Fカンパニー,,製品開発部,VI室,
トヨタL&Fカンパニー,,製品開発部,WT開発室,
トヨタL&Fカンパニー,,製品開発部,開発第2室,
トヨタL&Fカンパニー,,製品開発部,機種開発室,
トヨタL&Fカンパニー,,製品開発部,製品企画室,
トヨタL&Fカンパニー,,総合企画部,高浜工場管理室,
トヨタL&Fカンパニー,,部品・サービス部,海外サービス室,
トヨタL&Fカンパニー,,部品物流部,需給管理室,
トヨタL&Fカンパニー,,部品物流部,品番情報室,
トヨタL&Fカンパニー,,物流エンジニアリング部,エンジニアリングサポート室,
トヨタL&Fカンパニー,,物流エンジニアリング部,エンジニアリング室,
トヨタL&Fカンパニー,,物流エンジニアリング部,海外エンジニアリング室,
トヨタL&Fカンパニー,,物流エンジニアリング部,企画室,
トヨタL&Fカンパニー,,物流エンジニアリング部,施工管理室,
トヨタL&Fカンパニー,,物流エンジニアリング部,情報システム室,
トヨタL&Fカンパニー,,物流エンジニアリング部,物流システム第1室,
トヨタL&Fカンパニー,,物流エンジニアリング部,物流システム第2室,
トヨタL&Fカンパニー,,法規認証部,,
トヨタL&Fカンパニー,,,フリート営業室,
トヨタL&Fカンパニー,,,広域営業室,
トヨタL&Fカンパニー,,,地区担当員室,
トヨタL&Fカンパニー,,,販売企画室,
トヨタL&Fカンパニー,,,販売促進室,
トヨタL&Fカンパニー,,,販売店支援室,
トヨタL&Fカンパニー,,,品質保証部工場品質管理室,
トヨタL&Fカンパニー,,,,安城工場
技術・開発本部,R&D統括部,,開発推進第1室,
技術・開発本部,R&D統括部,,開発推進第2室,
技術・開発本部,R&D統括部,,企画管理室,
技術・開発本部,R&D統括部,,総括室,
技術・開発本部,,EC開発部,育成企画室,
技術・開発本部,,EC開発部,開発室,共和工場
技術・開発本部,,EC開発部,開発第1室,
技術・開発本部,,開発第1部,開発第3室,共和工場
技術・開発本部,,開発第1部,材料技術第2室,共和工場
技術・開発本部,,開発第2部,開発第22室,
技術・開発本部,,開発第3部,生産技術開発室,共和工場
技術・開発本部,,,,高浜工場
事業本部,事業部,部,課(室),拠点
自動車事業本部,自動車事業部,PG開発部,,長草工場
自動車事業本部,自動車事業部,車両設計部,設計第2室,長草工場
自動車事業本部,自動車事業部,車両設計部,設計第4室,長草工場
自動車事業本部,自動車事業部,性能開発部,性能統括室,長草工場
自動車事業本部,自動車事業部,生産技術部,エレクトロ組み立て技術室,
自動車事業本部,自動車事業部,生産技術部,デジタル技術室,東知多工場
自動車事業本部,自動車事業部,生産技術部,加工技術室,大府工場
自動車事業本部,自動車事業部,生産技術部,加工溶接技術室,
自動車事業本部,自動車事業部,生産技術部,過給技術室,東知多工場
自動車事業本部,自動車事業部,生産技術部,過給技術室,碧南工場
自動車事業本部,自動車事業部,生産技術部,開発室,東知多工場
自動車事業本部,自動車事業部,生産技術部,開発室,碧南工場
自動車事業本部,自動車事業部,生産技術部,企画室,
自動車事業本部,自動車事業部,生産技術部,工場技術室,
自動車事業本部,自動車事業部,生産技術部,試作技術室,
自動車事業本部,自動車事業部,生産技術部,試作室,
自動車事業本部,自動車事業部,生産技術部,実装検査技術室,安城工場
自動車事業本部,自動車事業部,生産技術部,車体生技室,長草工場
自動車事業本部,自動車事業部,生産技術部,整備課,長草工場
自動車事業本部,自動車事業部,生産技術部,生技開発室,安城工場
自動車事業本部,自動車事業部,生産技術部,生技開発室,長草工場
自動車事業本部,自動車事業部,生産技術部,生技管理室,
自動車事業本部,自動車事業部,生産技術部,生産技術室,
自動車事業本部,自動車事業部,生産技術部,生産技術第1室,共和工場
自動車事業本部,自動車事業部,生産技術部,生産技術第1室,石浜工場
自動車事業本部,自動車事業部,生産技術部,生産技術第2室,共和工場
自動車事業本部,自動車事業部,生産技術部,生産技術第2室,石浜工場
自動車事業本部,自動車事業部,生産技術部,生産技術第3室,共和工場
自動車事業本部,自動車事業部,生産技術部,生産技術第3室,石浜工場
自動車事業本部,自動車事業部,生産技術部,生産技術第5室,共和工場
自動車事業本部,自動車事業部,生産技術部,生産準備室,安城工場
自動車事業本部,自動車事業部,生産技術部,素材技術室,大府工場
自動車事業本部,自動車事業部,生産技術部,組み立て技術室,安城工場
自動車事業本部,自動車事業部,生産技術部,組み立て技術室,安城工場
自動車事業本部,自動車事業部,生産技術部,組み立て技術室,
自動車事業本部,自動車事業部,生産技術部,組み立て生技室,長草工場
自動車事業本部,自動車事業部,生産技術部,第3室,共和工場
自動車事業本部,自動車事業部,生産技術部,塗装技術室,
自動車事業本部,自動車事業部,生産技術部,塗装成型生技室,長草工場
自動車事業本部,自動車事業部,生産技術部,塗装組み立て技術室,
自動車事業本部,自動車事業部,生産技術部,東知多技術室,東知多工場
自動車事業本部,自動車事業部,生産技術部,碧南技術室,碧南工場
自動車事業本部,自動車事業部,生産技術部,要素技術開発室,
自動車事業本部,自動車事業部,生産技術部,要素技術室,東浦工場
自動車事業本部,自動車事業部,製品企画部,RV商品企画室,長草工場
自動車事業本部,自動車事業部,製品企画部,デザイン室,長草工場
自動車事業本部,自動車事業部,製品企画部,技術管理室,
自動車事業本部,自動車事業部,製品企画部,技術企画室,
自動車事業本部,自動車事業部,製品企画部,技術統括室,長草工場
自動車事業本部,自動車事業部,製品企画部,技術統括室,
自動車事業本部,自動車事業部,製品企画部,技術統管室,
自動車事業本部,自動車事業部,製品企画部,製品企画室,
自動車事業本部,自動車事業部,,生産技術部整備課,長草工場
自動車事業本部,エンジン事業部,安全衛生環境部,,東知多工場
自動車事業本部,エンジン事業部,技術第1部,CN開発室,碧南工場
自動車事業本部,エンジン事業部,技術第1部,ガソリン開発室,碧南工場
自動車事業本部,エンジン事業部,技術第1部,システム開発室,碧南工場
自動車事業本部,エンジン事業部,技術第1部,過給開発室,碧南工場
自動車事業本部,エンジン事業部,技術第1部,開発第2室,碧南工場
自動車事業本部,エンジン事業部,技術第1部,開発第5室,碧南工場
自動車事業本部,エンジン事業部,技術第1部,開発第6室,碧南工場
自動車事業本部,エンジン事業部,技術第1部,実験課,碧南工場
自動車事業本部,エンジン事業部,技術第1部,総括室,碧南工場
自動車事業本部,エンジン事業部,技術第1部,品質推進室,碧南工場
自動車事業本部,エンジン事業部,技術第2部,システム開発室,碧南工場
自動車事業本部,エンジン事業部,技術第2部,制御開発室,碧南工場
自動車事業本部,エンジン事業部,事業企画部,システム統括室,共和工場
自動車事業本部,エンジン事業部,事業企画部,営業室,共和工場
自動車事業本部,エンジン事業部,事業企画部,営業室,碧南工場
自動車事業本部,エンジン事業部,事業企画部,関連事業管理室,
自動車事業本部,エンジン事業部,事業企画部,企画室,碧南工場
自動車事業本部,エンジン事業部,事業企画部,事業企画室,共和工場
自動車事業本部,エンジン事業部,事業企画部,事業企画室,
自動車事業本部,エンジン事業部,事業企画部,事業企画室,
自動車事業本部,エンジン事業部,事業企画部,調達室,碧南工場
自動車事業本部,エンジン事業部,事業企画部,,石浜工場
自動車事業本部,エンジン事業部,製造第2部,ダイカスト課,大府工場
自動車事業本部,エンジン事業部,製造第2部,加工課,東知多工場
自動車事業本部,エンジン事業部,製造第2部,過給第1課,碧南工場
自動車事業本部,エンジン事業部,製造第2部,過給第2課,東知多工場
自動車事業本部,エンジン事業部,製造第2部,金型課,大府工場
自動車事業本部,エンジン事業部,製造第2部,大府機械課,大府工場
自動車事業本部,エンジン事業部,製造第2部,大府技術員室,大府工場
自動車事業本部,エンジン事業部,製造第2部,大府物流課,大府工場
自動車事業本部,エンジン事業部,製造第2部,大府保全課,大府工場
自動車事業本部,エンジン事業部,製造第2部,物流課,東知多工場
自動車事業本部,エンジン事業部,製品評価部,技術員室,碧南工場
自動車事業本部,エンジン事業部,総務部,リスク管理室,
自動車事業本部,エンジン事業部,総務部,施設室,
自動車事業本部,エンジン事業部,総務部,総務室,
自動車事業本部,エンジン事業部,総務部,東知多総務室,東知多工場
自動車事業本部,エンジン事業部,総務部,碧南総務室,碧南工場
自動車事業本部,エンジン事業部,総務部,防災室,
自動車事業本部,エンジン事業部,鋳造部,PM室,東知多工場
自動車事業本部,エンジン事業部,鋳造部,アルミ生産技術室,東知多工場
自動車事業本部,エンジン事業部,鋳造部,生産技術室,東知多工場
自動車事業本部,エンジン事業部,鋳造部,総括室,東知多工場
自動車事業本部,エンジン事業部,鋳造部,鋳造製造室,東知多工場
自動車事業本部,エンジン事業部,鋳造部,鋳鉄生産技術室,東知多工場
自動車事業本部,エンジン事業部,調達部,企画室,
自動車事業本部,エンジン事業部,調達部,材料室,本社
自動車事業本部,エンジン事業部,調達部,材料室,
自動車事業本部,エンジン事業部,調達部,設備室,本社
自動車事業本部,エンジン事業部,調達部,設備室,
自動車事業本部,エンジン事業部,調達部,設備室,
自動車事業本部,エンジン事業部,調達部,調達企画室,
自動車事業本部,エンジン事業部,調達部,調達室,碧南工場
自動車事業本部,エンジン事業部,調達部,調達室,
自動車事業本部,エンジン事業部,調達部,,共和工場
自動車事業本部,エンジン事業部,調達部,,
自動車事業本部,エンジン事業部,調達部,,
自動車事業本部,エンジン事業部,品質管理部,TQM推進室,
自動車事業本部,エンジン事業部,品質管理部,品質課,東知多工場
自動車事業本部,エンジン事業部,品質管理部,品質監査室,碧南工場
自動車事業本部,エンジン事業部,品質管理部,品質管理室,東知多工場
自動車事業本部,エンジン事業部,品質管理部,品質管理室,碧南工場
自動車事業本部,エンジン事業部,品質管理部,,
自動車事業本部,エンジン事業部,品質保証部,グローバル品質管理室,
自動車事業本部,エンジン事業部,品質保証部,監理室,東知多工場
自動車事業本部,エンジン事業部,品質保証部,監理室,碧南工場
自動車事業本部,エンジン事業部,品質保証部,共和品質保証室,共和工場
自動車事業本部,エンジン事業部,品質保証部,検査課,刈谷工場
自動車事業本部,エンジン事業部,品質保証部,検査課,長草工場
自動車事業本部,エンジン事業部,品質保証部,検査課,東浦工場
自動車事業本部,エンジン事業部,品質保証部,検査課,
自動車事業本部,エンジン事業部,品質保証部,検査課,
自動車事業本部,エンジン事業部,品質保証部,御客様品質室,
自動車事業本部,エンジン事業部,品質保証部,工場品質管理室,
自動車事業本部,エンジン事業部,品質保証部,生産準備室,安城工場
自動車事業本部,エンジン事業部,品質保証部,石浜品質保証室,石浜工場
自動車事業本部,エンジン事業部,品質保証部,総括室,
自動車事業本部,エンジン事業部,品質保証部,品質課,東知多工場
自動車事業本部,エンジン事業部,品質保証部,品質課,碧南工場
自動車事業本部,エンジン事業部,品質保証部,品質監査室,碧南工場
自動車事業本部,エンジン事業部,品質保証部,品質管理室,安城工場
自動車事業本部,エンジン事業部,品質保証部,品質管理室,長草工場
自動車事業本部,エンジン事業部,品質保証部,品質管理室,東知多工場
自動車事業本部,エンジン事業部,品質保証部,品質管理室,碧南工場
自動車事業本部,エンジン事業部,品質保証部,品質保証室,安城工場
自動車事業本部,エンジン事業部,品質保証部,品質保証第1室,安城工場
自動車事業本部,エンジン事業部,品質保証部,品質保証第1室,大府工場
自動車事業本部,エンジン事業部,品質保証部,品質保証第3室,
自動車事業本部,エンジン事業部,品質保証部,品質保証第5室,
自動車事業本部,エンジン事業部,品質保証部,碧南保証室,碧南工場
自動車事業本部,エンジン事業部,品質保証部,保証室,長草工場
自動車事業本部,エンジン事業部,法規認証監理部,,碧南工場
自動車事業本部,エンジン事業部,,過給システム事業室,東知多工場
自動車事業本部,エンジン事業部,,新製品進行監査室,碧南工場
自動車事業本部,エンジン事業部,,物作り改革室,東知多工場
自動車事業本部,エレクトロニクス事業部,電子製造部,保全課,共和工場
自動車事業本部,エレクトロニクス事業部,,総括室,共和工場
生技・生産本部,ダイエンジニアリングセンター,,企画統括室,
生技・生産本部,ダイエンジニアリングセンター,,工機課,
生技・生産本部,ダイエンジニアリングセンター,,設計室,
生技・生産本部,ダイエンジニアリングセンター,,素形材開発室,
生技・生産本部,,生産管理部,グローバル生産管理室,
生技・生産本部,,生産管理部,海外物流室,高浜工場
生技・生産本部,,生産管理部,計画室,
生技・生産本部,,生産管理部,工務室,
生技・生産本部,,生産管理部,国内物流室,高浜工場
生技・生産本部,,生産管理部,新車進行管理室,東知多工場
生技・生産本部,,生産管理部,新車進行管理室,碧南工場
生技・生産本部,,生産管理部,新車進行室,
生技・生産本部,,生産管理部,生産管理室,安城工場
生技・生産本部,,生産管理部,生産管理室,安城工場
生技・生産本部,,生産管理部,生産管理室,東知多工場
生技・生産本部,,生産管理部,生産管理室,碧南工場
生技・生産本部,,生産管理部,生産企画室,安城工場
生技・生産本部,,生産管理部,生産企画室,
生技・生産本部,,生産管理部,生産企画室,
生技・生産本部,,生産管理部,生産調査室,
生技・生産本部,,生産管理部,物流企画室,高浜工場
生技・生産本部,,生産管理部,,長草工場
,品質統括部,,,
,電池事業室,共和製造部,,共和工場
,電池事業室,石浜製造部,製造課,石浜工場
,電池事業室,石浜製造部,製造第2課,
,電池事業室,石浜製造部,保全課,石浜工場
,電池事業室,,事業企画部管理室,石浜工場
,繊維機械事業部,サービス部,サービス企画室,
,繊維機械事業部,サービス部,サービス室,
,繊維機械事業部,サービス部,海外サービス室,
,繊維機械事業部,サービス部,技術サービス室,
,繊維機械事業部,サービス部,国内サービス室,
,繊維機械事業部,サービス部,総括・管理室,
,繊維機械事業部,サービス部,物流システムサービス室,
,繊維機械事業部,サービス部,補給技術室,
,繊維機械事業部,業務部,生産管理室,
,繊維機械事業部,生産部,生産管理室,
,繊維機械事業部,生産部,生産技術室,
,繊維機械事業部,生産部,,刈谷工場
,先行要素開発センター,,要素開発第1室,共和工場
,先行要素開発センター,,要素開発第2室,共和工場
,先行機能開発センター,,機能開発第1室,共和工場
,先行機能開発センター,,機能開発第2室,
,先行機能開発センター,,機能開発第3室,共和工場
,先行機能開発センター,,技術戦略室,共和工場
,生技開発センター,,エンジニアリング室,共和工場
,生技開発センター,,企画監理室,共和工場
,生技開発センター,,企画管理室,共和工場
,生技開発センター,,技術室,共和工場
,生技開発センター,,工機課,共和工場
,生技開発センター,,工場DX推進室,共和工場
,生技開発センター,,生技開発室,共和工場
,生技開発センター,,設備安全信頼室,共和工場
,生技開発センター,,設備技術室,共和工場
,生技開発センター,,設備技術第1室,共和工場
,生技開発センター,,設備技術第2室,共和工場
,生技開発センター,,先行技術開発室,共和工場
,技術統括センター,技術戦略部,,
,技術統括センター,材料技術部,材料技術第1室,共和工場
,技術統括センター,材料技術部,材料技術第2室,共和工場
,技術統括センター,材料技術部,材料技術第2室,
,技術統括センター,先行開発部,先行開発第3室,
,技術統括センター,要素開発部,要素開発第1室,
,技術統括センター,要素開発部,要素開発第2室,
,技術技能ラーニングセンター,,技術人材育成室,
,過給システム事業室,,生産技術室,碧南工場
,トレーニングセンター,,,
,コンプレッサー事業部,アルミ技術部,デジタル・企画室,大府工場
,コンプレッサー事業部,アルミ技術部,金型技術室,大府工場
,コンプレッサー事業部,アルミ技術部,設備技術室,大府工場
,コンプレッサー事業部,アルミ技術部,鋳造技術室,大府工場
,コンプレッサー事業部,アルミ技術部,鋳造第2室,大府工場
,コンプレッサー事業部,安全・総務部,安全衛生環境室,
,コンプレッサー事業部,安全・総務部,安全衛生室,刈谷工場
,コンプレッサー事業部,安全・総務部,安全衛生室,大府工場
,コンプレッサー事業部,安全・総務部,安全衛生室,東浦工場
,コンプレッサー事業部,安全・総務部,環境室,大府工場
,コンプレッサー事業部,安全・総務部,総務室,大府工場
,コンプレッサー事業部,安全・総務部,総務室,
,コンプレッサー事業部,安全・総務部,防災・施設室,大府工場
,コンプレッサー事業部,安全・総務部,防災施設室,刈谷工場
,コンプレッサー事業部,安全・総務部,,共和工場
,コンプレッサー事業部,安全・総務部,,長草工場
,コンプレッサー事業部,安全・総務部,,碧南工場
,コンプレッサー事業部,安全総務部,,大府工場
,コンプレッサー事業部,技術企画部,開発8室,
,コンプレッサー事業部,技術企画部,開発第8室,
,コンプレッサー事業部,技術企画部,評価室,
,コンプレッサー事業部,生技部,要素技術室,
,コンプレッサー事業部,製造一部,組み立て課,
,コンプレッサー事業部,製造第1部,PM室,東知多工場
,コンプレッサー事業部,製造第1部,PM室,碧南工場
,コンプレッサー事業部,製造第1部,加工第1課,碧南工場
,コンプレッサー事業部,製造第1部,加工第2課,碧南工場
,コンプレッサー事業部,製造第1部,刈谷機械課,
,コンプレッサー事業部,製造第1部,刈谷技術員室,刈谷工場
,コンプレッサー事業部,製造第1部,刈谷保全課,
,コンプレッサー事業部,製造第1部,技術員室,碧南工場
,コンプレッサー事業部,製造第1部,製造室,碧南工場
,コンプレッサー事業部,製造第1部,組み立て課,
,コンプレッサー事業部,製造第1部,総括室,碧南工場
,コンプレッサー事業部,製造第1部,内製推進室,東知多工場
,コンプレッサー事業部,製造第1部,内製推進室,碧南工場
,コンプレッサー事業部,製造第1部,部品組み立て課,
,コンプレッサー事業部,製造第1部,物流課,
,コンプレッサー事業部,製造第1部,保全課,
,コンプレッサー事業部,製造第3部,東浦保全課,東浦工場
,コンプレッサー事業部,,SPプロジェクト室,
,コンプレッサー事業部,,製造第1部組み立て課,
,コンプレッサー事業部,,,共和工場
,TMHG統括部,,事業企画室,
,,ITデジタル推進部,グループIT基盤室,
,,ITデジタル推進部,グローバル連携室,
,,ITデジタル推進部,サイバーセキュリティー室,
,,ITデジタル推進部,デジタル人材育成室,
,,ITデジタル推進部,ビジネス連携室,
,,ITデジタル推進部,情報セキュリティ室,
,,ITデジタル推進部,先行開発室,
,,ITデジタル推進部,全社デジタル推進室,
,,PE環境部,PE室,
,,PE環境部,環境室,
,,PE環境部,動力室,安城工場
,,PE環境部,動力室,刈谷工場
,,PE環境部,動力室,共和工場
,,PE環境部,動力室,高浜工場
,,PE環境部,動力室,大府工場
,,PE環境部,動力室,長草工場
,,PE環境部,動力室,東知多工場
,,PE環境部,動力室,碧南工場
,,PE部,技術室,共和工場
,,PE部,動力室,安城工場
,,PE部,動力室,長草工場
,,PE部,動力室,碧南工場
,,PE部,動力第1課,刈谷工場
,,PE部,動力第1課,大府工場
,,PE部,動力第2課,東知多工場
,,PE部,動力第4課,安城工場
,,PE部,動力第4課,高浜工場
,,PE部,動力第5課,東浦工場
,,安全健康推進部,安全衛生室,
,,安全健康推進部,健康管理室,
,,安全健康推進部,健康推進室,
,,環境マネージメント部,CO2削減推進室,共和工場
,,環境マネージメント部,CO2削減推進室,高浜工場
,,環境マネージメント部,マネージメント企画室,共和工場
,,環境マネージメント部,環境保全推進室,共和工場
,,環境マネージメント部,環境保全推進室,高浜工場
,,監査部,,
,,技術管理部,総括室,共和工場
,,経営企画部,事業企画室,
,,経理部,株式・IR室,
,,経理部,企画室,
,,経理部,財務室,
,,広報部,,
,,女子陸上競技部,,
,,商品企画部,商品室,
,,情報システム部,システム企画第2室,
,,情報システム部,システム企画第3室,
,,人事部,グローバル人事室,
,,人事部,人材開発室,
,,人事部,組織人事室,
,,人事部,労政室,
,,知的財産部,企画管理室,
,,知的財産部,知財推進第1室,共和工場
,,知的財産部,知財推進第2室,共和工場
,,秘書部,,
,,,安全・総務室,安城工場
,,,安全・総務室,共和工場
,,,,東京支社